# Copyright (C) 1991-2013 Altera Corporation
# Your use of Altera Corporation's design tools, logic functions 
# and other software and tools, and its AMPP partner logic 
# functions, and any output files from any of the foregoing 
# (including device programming or simulation files), and any 
# associated documentation or information are expressly subject 
# to the terms and conditions of the Altera Program License 
# Subscription Agreement, Altera MegaCore Function License 
# Agreement, or other applicable license agreement, including, 
# without limitation, that your use is for the sole purpose of 
# programming logic devices manufactured by Altera and sold by 
# Altera or its authorized distributors.  Please refer to the 
# applicable agreement for further details.

# Quartus II 64-Bit Version 13.1.0 Build 162 10/23/2013 SJ Web Edition
# File: C:\Users\aluno\Desktop\socorro\output_files\fsm_machine.csv
# Generated on: Mon Jul 04 13:19:43 2016

# Note: The column header names should not be changed if you wish to import this .csv file into the Quartus II software.

To,Direction,Location,I/O Bank,VREF Group,I/O Standard,Reserved,Current Strength,Slew Rate,Differential Pair
b25,Input,PIN_J6,1,B1_N0,,,,,
b50,Input,PIN_H5,1,B1_N0,,,,,
b100,Input,PIN_H6,1,B1_N0,,,,,
cancel,Input,PIN_D2,1,B1_N0,,,,,
cents0[6],Output,PIN_F13,7,B7_N1,,,,,
cents0[5],Output,PIN_F12,7,B7_N1,,,,,
cents0[4],Output,PIN_G12,7,B7_N1,,,,,
cents0[3],Output,PIN_H13,7,B7_N1,,,,,
cents0[2],Output,PIN_H12,7,B7_N1,,,,,
cents0[1],Output,PIN_F11,7,B7_N1,,,,,
cents0[0],Output,PIN_E11,7,B7_N1,,,,,
cents1[6],Output,PIN_A15,7,B7_N1,,,,,
cents1[5],Output,PIN_E14,7,B7_N1,,,,,
cents1[4],Output,PIN_B14,7,B7_N1,,,,,
cents1[3],Output,PIN_A14,7,B7_N1,,,,,
cents1[2],Output,PIN_C13,7,B7_N1,,,,,
cents1[1],Output,PIN_B13,7,B7_N1,,,,,
cents1[0],Output,PIN_A13,7,B7_N1,,,,,
clock,Input,PIN_G21,6,B6_N1,,,,,
liberaBebida[9],Output,PIN_J1,1,B1_N1,,,,,
liberaBebida[8],Output,PIN_J2,1,B1_N1,,,,,
liberaBebida[7],Output,PIN_J3,1,B1_N1,,,,,
liberaBebida[6],Output,PIN_H1,1,B1_N1,,,,,
liberaBebida[5],Output,PIN_F2,1,B1_N0,,,,,
liberaBebida[4],Output,PIN_E1,1,B1_N0,,,,,
liberaBebida[3],Output,PIN_C1,1,B1_N0,,,,,
liberaBebida[2],Output,PIN_C2,1,B1_N0,,,,,
liberaBebida[1],Output,PIN_B2,1,B1_N0,,,,,
liberaBebida[0],Output,PIN_B1,1,B1_N0,,,,,
reais0[6],Output,PIN_F14,7,B7_N0,,,,,
reais0[5],Output,PIN_B17,7,B7_N1,,,,,
reais0[4],Output,PIN_A17,7,B7_N1,,,,,
reais0[3],Output,PIN_E15,7,B7_N0,,,,,
reais0[2],Output,PIN_B16,7,B7_N1,,,,,
reais0[1],Output,PIN_A16,7,B7_N1,,,,,
reais0[0],Output,PIN_D15,7,B7_N0,,,,,
reais1[6],Output,PIN_G15,7,B7_N0,,,,,
reais1[5],Output,PIN_D19,7,B7_N0,,,,,
reais1[4],Output,PIN_C19,7,B7_N0,,,,,
reais1[3],Output,PIN_B19,7,B7_N0,,,,,
reais1[2],Output,PIN_A19,7,B7_N0,,,,,
reais1[1],Output,PIN_F15,7,B7_N0,,,,,
reais1[0],Output,PIN_B18,7,B7_N0,,,,,
refri,Input,PIN_G4,1,B1_N0,,,,,
reset,Input,PIN_H2,1,B1_N1,,,,,
suco,Input,PIN_G5,1,B1_N0,,,,,
teste[11],Output,,,,,,,,
teste[10],Output,,,,,,,,
teste[9],Output,,,,,,,,
teste[8],Output,,,,,,,,
teste[7],Output,,,,,,,,
teste[6],Output,,,,,,,,
teste[5],Output,,,,,,,,
teste[4],Output,,,,,,,,
teste[3],Output,,,,,,,,
teste[2],Output,,,,,,,,
teste[1],Output,,,,,,,,
teste[0],Output,,,,,,,,
