<?xml version="1.0" ?>
<LOG_ROOT>
	<PROJECT NAME="fsm_machine">
		<CBX_INST_ENTRY INSTANCE_NAME="|beverage_machine|bin_bcd:DISPLAY_MODULE|bcd_display:D1|lpm_mux:Mux2" CBX_FILE_NAME="mux_src.tdf"/>
		<CBX_INST_ENTRY INSTANCE_NAME="|beverage_machine|bin_bcd:DISPLAY_MODULE|bcd_display:D2|lpm_mux:Mux1" CBX_FILE_NAME="mux_src.tdf"/>
		<CBX_INST_ENTRY INSTANCE_NAME="|beverage_machine|bin_bcd:DISPLAY_MODULE|bcd_display:D3|lpm_mux:Mux0" CBX_FILE_NAME="mux_src.tdf"/>
		<CBX_INST_ENTRY INSTANCE_NAME="|beverage_machine|bin_bcd:DISPLAY_MODULE|bcd_display:D1|lpm_mux:Mux3" CBX_FILE_NAME="mux_src.tdf"/>
		<CBX_INST_ENTRY INSTANCE_NAME="|beverage_machine|bin_bcd:DISPLAY_MODULE|bcd_display:D2|lpm_mux:Mux2" CBX_FILE_NAME="mux_src.tdf"/>
		<CBX_INST_ENTRY INSTANCE_NAME="|beverage_machine|bin_bcd:DISPLAY_MODULE|bcd_display:D3|lpm_mux:Mux1" CBX_FILE_NAME="mux_src.tdf"/>
		<CBX_INST_ENTRY INSTANCE_NAME="|beverage_machine|bin_bcd:DISPLAY_MODULE|bcd_display:D4|lpm_mux:Mux0" CBX_FILE_NAME="mux_src.tdf"/>
		<CBX_INST_ENTRY INSTANCE_NAME="|beverage_machine|bin_bcd:DISPLAY_MODULE|bcd_display:D1|lpm_mux:Mux4" CBX_FILE_NAME="mux_src.tdf"/>
		<CBX_INST_ENTRY INSTANCE_NAME="|beverage_machine|bin_bcd:DISPLAY_MODULE|bcd_display:D2|lpm_mux:Mux3" CBX_FILE_NAME="mux_src.tdf"/>
		<CBX_INST_ENTRY INSTANCE_NAME="|beverage_machine|bin_bcd:DISPLAY_MODULE|bcd_display:D3|lpm_mux:Mux2" CBX_FILE_NAME="mux_src.tdf"/>
		<CBX_INST_ENTRY INSTANCE_NAME="|beverage_machine|bin_bcd:DISPLAY_MODULE|bcd_display:D4|lpm_mux:Mux1" CBX_FILE_NAME="mux_src.tdf"/>
		<CBX_INST_ENTRY INSTANCE_NAME="|beverage_machine|bin_bcd:DISPLAY_MODULE|bcd_display:D1|lpm_mux:Mux1" CBX_FILE_NAME="mux_src.tdf"/>
		<CBX_INST_ENTRY INSTANCE_NAME="|beverage_machine|bin_bcd:DISPLAY_MODULE|bcd_display:D1|lpm_mux:Mux5" CBX_FILE_NAME="mux_src.tdf"/>
		<CBX_INST_ENTRY INSTANCE_NAME="|beverage_machine|bin_bcd:DISPLAY_MODULE|bcd_display:D2|lpm_mux:Mux0" CBX_FILE_NAME="mux_src.tdf"/>
		<CBX_INST_ENTRY INSTANCE_NAME="|beverage_machine|bin_bcd:DISPLAY_MODULE|bcd_display:D2|lpm_mux:Mux4" CBX_FILE_NAME="mux_src.tdf"/>
		<CBX_INST_ENTRY INSTANCE_NAME="|beverage_machine|bin_bcd:DISPLAY_MODULE|bcd_display:D3|lpm_mux:Mux3" CBX_FILE_NAME="mux_src.tdf"/>
		<CBX_INST_ENTRY INSTANCE_NAME="|beverage_machine|bin_bcd:DISPLAY_MODULE|bcd_display:D4|lpm_mux:Mux2" CBX_FILE_NAME="mux_src.tdf"/>
		<CBX_INST_ENTRY INSTANCE_NAME="|beverage_machine|bin_bcd:DISPLAY_MODULE|bcd_display:D4|lpm_mux:Mux6" CBX_FILE_NAME="mux_src.tdf"/>
		<CBX_INST_ENTRY INSTANCE_NAME="|beverage_machine|bin_bcd:DISPLAY_MODULE|bcd_display:D1|lpm_mux:Mux6" CBX_FILE_NAME="mux_src.tdf"/>
		<CBX_INST_ENTRY INSTANCE_NAME="|beverage_machine|bin_bcd:DISPLAY_MODULE|bcd_display:D2|lpm_mux:Mux5" CBX_FILE_NAME="mux_src.tdf"/>
		<CBX_INST_ENTRY INSTANCE_NAME="|beverage_machine|bin_bcd:DISPLAY_MODULE|bcd_display:D3|lpm_mux:Mux4" CBX_FILE_NAME="mux_src.tdf"/>
		<CBX_INST_ENTRY INSTANCE_NAME="|beverage_machine|bin_bcd:DISPLAY_MODULE|bcd_display:D4|lpm_mux:Mux3" CBX_FILE_NAME="mux_src.tdf"/>
		<CBX_INST_ENTRY INSTANCE_NAME="|beverage_machine|bin_bcd:DISPLAY_MODULE|bcd_display:D2|lpm_mux:Mux6" CBX_FILE_NAME="mux_src.tdf"/>
		<CBX_INST_ENTRY INSTANCE_NAME="|beverage_machine|bin_bcd:DISPLAY_MODULE|bcd_display:D3|lpm_mux:Mux5" CBX_FILE_NAME="mux_src.tdf"/>
		<CBX_INST_ENTRY INSTANCE_NAME="|beverage_machine|bin_bcd:DISPLAY_MODULE|bcd_display:D4|lpm_mux:Mux4" CBX_FILE_NAME="mux_src.tdf"/>
		<CBX_INST_ENTRY INSTANCE_NAME="|beverage_machine|bin_bcd:DISPLAY_MODULE|bcd_display:D1|lpm_mux:Mux0" CBX_FILE_NAME="mux_src.tdf"/>
		<CBX_INST_ENTRY INSTANCE_NAME="|beverage_machine|bin_bcd:DISPLAY_MODULE|bcd_display:D3|lpm_mux:Mux6" CBX_FILE_NAME="mux_src.tdf"/>
		<CBX_INST_ENTRY INSTANCE_NAME="|beverage_machine|bin_bcd:DISPLAY_MODULE|bcd_display:D4|lpm_mux:Mux5" CBX_FILE_NAME="mux_src.tdf"/>
	</PROJECT>
</LOG_ROOT>
